request_id,series_id,topic_label,topic_description,entity_type,date,interest_index,geography,frequency,partial_week
entertainment_topics_us_2025_2026,kpop_demon_hunters_2025,KPop Demon Hunters,2025 film,film,2025-09-28,23.0,US,weekly,True
entertainment_topics_us_2025_2026,kpop_demon_hunters_2025,KPop Demon Hunters,2025 film,film,2025-10-05,26.0,US,weekly,False
entertainment_topics_us_2025_2026,kpop_demon_hunters_2025,KPop Demon Hunters,2025 film,film,2025-10-12,24.0,US,weekly,False
entertainment_topics_us_2025_2026,kpop_demon_hunters_2025,KPop Demon Hunters,2025 film,film,2025-10-19,23.0,US,weekly,False
entertainment_topics_us_2025_2026,kpop_demon_hunters_2025,KPop Demon Hunters,2025 film,film,2025-10-26,28.0,US,weekly,False
entertainment_topics_us_2025_2026,kpop_demon_hunters_2025,KPop Demon Hunters,2025 film,film,2025-11-02,16.0,US,weekly,False
entertainment_topics_us_2025_2026,kpop_demon_hunters_2025,KPop Demon Hunters,2025 film,film,2025-11-09,14.0,US,weekly,False
entertainment_topics_us_2025_2026,kpop_demon_hunters_2025,KPop Demon Hunters,2025 film,film,2025-11-16,12.0,US,weekly,False
entertainment_topics_us_2025_2026,kpop_demon_hunters_2025,KPop Demon Hunters,2025 film,film,2025-11-23,16.0,US,weekly,False
entertainment_topics_us_2025_2026,kpop_demon_hunters_2025,KPop Demon Hunters,2025 film,film,2025-11-30,14.0,US,weekly,False
entertainment_topics_us_2025_2026,kpop_demon_hunters_2025,KPop Demon Hunters,2025 film,film,2025-12-07,13.0,US,weekly,False
entertainment_topics_us_2025_2026,kpop_demon_hunters_2025,KPop Demon Hunters,2025 film,film,2025-12-14,11.0,US,weekly,False
entertainment_topics_us_2025_2026,kpop_demon_hunters_2025,KPop Demon Hunters,2025 film,film,2025-12-21,12.0,US,weekly,False
entertainment_topics_us_2025_2026,kpop_demon_hunters_2025,KPop Demon Hunters,2025 film,film,2025-12-28,10.0,US,weekly,False
entertainment_topics_us_2025_2026,kpop_demon_hunters_2025,KPop Demon Hunters,2025 film,film,2026-01-04,9.0,US,weekly,False
entertainment_topics_us_2025_2026,kpop_demon_hunters_2025,KPop Demon Hunters,2025 film,film,2026-01-11,10.0,US,weekly,False
entertainment_topics_us_2025_2026,kpop_demon_hunters_2025,KPop Demon Hunters,2025 film,film,2026-01-18,8.0,US,weekly,False
entertainment_topics_us_2025_2026,kpop_demon_hunters_2025,KPop Demon Hunters,2025 film,film,2026-01-25,9.0,US,weekly,False
entertainment_topics_us_2025_2026,kpop_demon_hunters_2025,KPop Demon Hunters,2025 film,film,2026-02-01,8.0,US,weekly,False
entertainment_topics_us_2025_2026,kpop_demon_hunters_2025,KPop Demon Hunters,2025 film,film,2026-02-08,7.0,US,weekly,False
entertainment_topics_us_2025_2026,kpop_demon_hunters_2025,KPop Demon Hunters,2025 film,film,2026-02-15,6.0,US,weekly,False
entertainment_topics_us_2025_2026,kpop_demon_hunters_2025,KPop Demon Hunters,2025 film,film,2026-02-22,6.0,US,weekly,False
entertainment_topics_us_2025_2026,kpop_demon_hunters_2025,KPop Demon Hunters,2025 film,film,2026-03-01,5.0,US,weekly,False
entertainment_topics_us_2025_2026,kpop_demon_hunters_2025,KPop Demon Hunters,2025 film,film,2026-03-08,6.0,US,weekly,False
entertainment_topics_us_2025_2026,kpop_demon_hunters_2025,KPop Demon Hunters,2025 film,film,2026-03-15,9.0,US,weekly,False
entertainment_topics_us_2025_2026,kpop_demon_hunters_2025,KPop Demon Hunters,2025 film,film,2026-03-22,7.0,US,weekly,False
entertainment_topics_us_2025_2026,kpop_demon_hunters_2025,KPop Demon Hunters,2025 film,film,2026-03-29,11.0,US,weekly,False
entertainment_topics_us_2025_2026,kpop_demon_hunters_2025,KPop Demon Hunters,2025 film,film,2026-04-05,8.0,US,weekly,False
entertainment_topics_us_2025_2026,kpop_demon_hunters_2025,KPop Demon Hunters,2025 film,film,2026-04-12,7.0,US,weekly,False
entertainment_topics_us_2025_2026,kpop_demon_hunters_2025,KPop Demon Hunters,2025 film,film,2026-04-19,6.0,US,weekly,False
entertainment_topics_us_2025_2026,kpop_demon_hunters_2025,KPop Demon Hunters,2025 film,film,2026-04-26,5.0,US,weekly,False
entertainment_topics_us_2025_2026,kpop_demon_hunters_2025,KPop Demon Hunters,2025 film,film,2026-05-03,4.0,US,weekly,False
entertainment_topics_us_2025_2026,kpop_demon_hunters_2025,KPop Demon Hunters,2025 film,film,2026-05-10,5.0,US,weekly,False
entertainment_topics_us_2025_2026,kpop_demon_hunters_2025,KPop Demon Hunters,2025 film,film,2026-05-17,4.0,US,weekly,False
entertainment_topics_us_2025_2026,kpop_demon_hunters_2025,KPop Demon Hunters,2025 film,film,2026-05-24,4.0,US,weekly,False
entertainment_topics_us_2025_2026,kpop_demon_hunters_2025,KPop Demon Hunters,2025 film,film,2026-05-31,3.0,US,weekly,False
entertainment_topics_us_2025_2026,kpop_demon_hunters_2025,KPop Demon Hunters,2025 film,film,2026-06-07,3.0,US,weekly,False
entertainment_topics_us_2025_2026,kpop_demon_hunters_2025,KPop Demon Hunters,2025 film,film,2026-06-14,4.0,US,weekly,False
entertainment_topics_us_2025_2026,kpop_demon_hunters_2025,KPop Demon Hunters,2025 film,film,2026-06-21,4.0,US,weekly,False
entertainment_topics_us_2025_2026,kpop_demon_hunters_2025,KPop Demon Hunters,2025 film,film,2026-06-28,3.0,US,weekly,False
entertainment_topics_us_2025_2026,kpop_demon_hunters_2025,KPop Demon Hunters,2025 film,film,2026-07-05,3.0,US,weekly,False
entertainment_topics_us_2025_2026,kpop_demon_hunters_2025,KPop Demon Hunters,2025 film,film,2026-07-12,3.0,US,weekly,False
entertainment_topics_us_2025_2026,kpop_demon_hunters_2025,KPop Demon Hunters,2025 film,film,2026-07-19,3.0,US,weekly,False
entertainment_topics_us_2025_2026,kpop_demon_hunters_2025,KPop Demon Hunters,2025 film,film,2026-07-26,3.0,US,weekly,False
entertainment_topics_us_2025_2026,kpop_demon_hunters_2025,KPop Demon Hunters,2025 film,film,2026-08-02,3.0,US,weekly,False
entertainment_topics_us_2025_2026,kpop_demon_hunters_2025,KPop Demon Hunters,2025 film,film,2026-08-09,3.0,US,weekly,False
entertainment_topics_us_2025_2026,kpop_demon_hunters_2025,KPop Demon Hunters,2025 film,film,2026-08-16,3.0,US,weekly,False
entertainment_topics_us_2025_2026,kpop_demon_hunters_2025,KPop Demon Hunters,2025 film,film,2026-08-23,3.0,US,weekly,False
entertainment_topics_us_2025_2026,kpop_demon_hunters_2025,KPop Demon Hunters,2025 film,film,2026-08-30,3.0,US,weekly,False
entertainment_topics_us_2025_2026,kpop_demon_hunters_2025,KPop Demon Hunters,2025 film,film,2026-09-06,3.0,US,weekly,False
entertainment_topics_us_2025_2026,kpop_demon_hunters_2025,KPop Demon Hunters,2025 film,film,2026-09-13,3.0,US,weekly,False
entertainment_topics_us_2025_2026,kpop_demon_hunters_2025,KPop Demon Hunters,2025 film,film,2026-09-20,3.0,US,weekly,False
entertainment_topics_us_2025_2026,kpop_demon_hunters_2025,KPop Demon Hunters,2025 film,film,2026-09-27,3.0,US,weekly,True
entertainment_topics_us_2025_2026,love_island,Love Island,Reality show,reality_tv_series,2025-09-28,3.0,US,weekly,True
entertainment_topics_us_2025_2026,love_island,Love Island,Reality show,reality_tv_series,2025-10-05,2.0,US,weekly,False
entertainment_topics_us_2025_2026,love_island,Love Island,Reality show,reality_tv_series,2025-10-12,2.0,US,weekly,False
entertainment_topics_us_2025_2026,love_island,Love Island,Reality show,reality_tv_series,2025-10-19,1.0,US,weekly,False
entertainment_topics_us_2025_2026,love_island,Love Island,Reality show,reality_tv_series,2025-10-26,2.0,US,weekly,False
entertainment_topics_us_2025_2026,love_island,Love Island,Reality show,reality_tv_series,2025-11-02,1.0,US,weekly,False
entertainment_topics_us_2025_2026,love_island,Love Island,Reality show,reality_tv_series,2025-11-09,1.0,US,weekly,False
entertainment_topics_us_2025_2026,love_island,Love Island,Reality show,reality_tv_series,2025-11-16,1.0,US,weekly,False
entertainment_topics_us_2025_2026,love_island,Love Island,Reality show,reality_tv_series,2025-11-23,1.0,US,weekly,False
entertainment_topics_us_2025_2026,love_island,Love Island,Reality show,reality_tv_series,2025-11-30,1.0,US,weekly,False
entertainment_topics_us_2025_2026,love_island,Love Island,Reality show,reality_tv_series,2025-12-07,1.0,US,weekly,False
entertainment_topics_us_2025_2026,love_island,Love Island,Reality show,reality_tv_series,2025-12-14,1.0,US,weekly,False
entertainment_topics_us_2025_2026,love_island,Love Island,Reality show,reality_tv_series,2025-12-21,1.0,US,weekly,False
entertainment_topics_us_2025_2026,love_island,Love Island,Reality show,reality_tv_series,2025-12-28,1.0,US,weekly,False
entertainment_topics_us_2025_2026,love_island,Love Island,Reality show,reality_tv_series,2026-01-04,1.0,US,weekly,False
entertainment_topics_us_2025_2026,love_island,Love Island,Reality show,reality_tv_series,2026-01-11,2.0,US,weekly,False
entertainment_topics_us_2025_2026,love_island,Love Island,Reality show,reality_tv_series,2026-01-18,2.0,US,weekly,False
entertainment_topics_us_2025_2026,love_island,Love Island,Reality show,reality_tv_series,2026-01-25,2.0,US,weekly,False
entertainment_topics_us_2025_2026,love_island,Love Island,Reality show,reality_tv_series,2026-02-01,2.0,US,weekly,False
entertainment_topics_us_2025_2026,love_island,Love Island,Reality show,reality_tv_series,2026-02-08,2.0,US,weekly,False
entertainment_topics_us_2025_2026,love_island,Love Island,Reality show,reality_tv_series,2026-02-15,2.0,US,weekly,False
entertainment_topics_us_2025_2026,love_island,Love Island,Reality show,reality_tv_series,2026-02-22,2.0,US,weekly,False
entertainment_topics_us_2025_2026,love_island,Love Island,Reality show,reality_tv_series,2026-03-01,2.0,US,weekly,False
entertainment_topics_us_2025_2026,love_island,Love Island,Reality show,reality_tv_series,2026-03-08,2.0,US,weekly,False
entertainment_topics_us_2025_2026,love_island,Love Island,Reality show,reality_tv_series,2026-03-15,2.0,US,weekly,False
entertainment_topics_us_2025_2026,love_island,Love Island,Reality show,reality_tv_series,2026-03-22,2.0,US,weekly,False
entertainment_topics_us_2025_2026,love_island,Love Island,Reality show,reality_tv_series,2026-03-29,2.0,US,weekly,False
entertainment_topics_us_2025_2026,love_island,Love Island,Reality show,reality_tv_series,2026-04-05,1.0,US,weekly,False
entertainment_topics_us_2025_2026,love_island,Love Island,Reality show,reality_tv_series,2026-04-12,2.0,US,weekly,False
entertainment_topics_us_2025_2026,love_island,Love Island,Reality show,reality_tv_series,2026-04-19,2.0,US,weekly,False
entertainment_topics_us_2025_2026,love_island,Love Island,Reality show,reality_tv_series,2026-04-26,3.0,US,weekly,False
entertainment_topics_us_2025_2026,love_island,Love Island,Reality show,reality_tv_series,2026-05-03,3.0,US,weekly,False
entertainment_topics_us_2025_2026,love_island,Love Island,Reality show,reality_tv_series,2026-05-10,3.0,US,weekly,False
entertainment_topics_us_2025_2026,love_island,Love Island,Reality show,reality_tv_series,2026-05-17,3.0,US,weekly,False
entertainment_topics_us_2025_2026,love_island,Love Island,Reality show,reality_tv_series,2026-05-24,10.0,US,weekly,False
entertainment_topics_us_2025_2026,love_island,Love Island,Reality show,reality_tv_series,2026-05-31,48.0,US,weekly,False
entertainment_topics_us_2025_2026,love_island,Love Island,Reality show,reality_tv_series,2026-06-07,57.0,US,weekly,False
entertainment_topics_us_2025_2026,love_island,Love Island,Reality show,reality_tv_series,2026-06-14,41.0,US,weekly,False
entertainment_topics_us_2025_2026,love_island,Love Island,Reality show,reality_tv_series,2026-06-21,46.0,US,weekly,False
entertainment_topics_us_2025_2026,love_island,Love Island,Reality show,reality_tv_series,2026-06-28,45.0,US,weekly,False
entertainment_topics_us_2025_2026,love_island,Love Island,Reality show,reality_tv_series,2026-07-05,34.0,US,weekly,False
entertainment_topics_us_2025_2026,love_island,Love Island,Reality show,reality_tv_series,2026-07-12,28.0,US,weekly,False
entertainment_topics_us_2025_2026,love_island,Love Island,Reality show,reality_tv_series,2026-07-19,9.0,US,weekly,False
entertainment_topics_us_2025_2026,love_island,Love Island,Reality show,reality_tv_series,2026-07-26,8.0,US,weekly,False
entertainment_topics_us_2025_2026,love_island,Love Island,Reality show,reality_tv_series,2026-08-02,7.0,US,weekly,False
entertainment_topics_us_2025_2026,love_island,Love Island,Reality show,reality_tv_series,2026-08-09,6.0,US,weekly,False
entertainment_topics_us_2025_2026,love_island,Love Island,Reality show,reality_tv_series,2026-08-16,3.0,US,weekly,False
entertainment_topics_us_2025_2026,love_island,Love Island,Reality show,reality_tv_series,2026-08-23,6.0,US,weekly,False
entertainment_topics_us_2025_2026,love_island,Love Island,Reality show,reality_tv_series,2026-08-30,14.0,US,weekly,False
entertainment_topics_us_2025_2026,love_island,Love Island,Reality show,reality_tv_series,2026-09-06,2.0,US,weekly,False
entertainment_topics_us_2025_2026,love_island,Love Island,Reality show,reality_tv_series,2026-09-13,2.0,US,weekly,False
entertainment_topics_us_2025_2026,love_island,Love Island,Reality show,reality_tv_series,2026-09-20,2.0,US,weekly,False
entertainment_topics_us_2025_2026,love_island,Love Island,Reality show,reality_tv_series,2026-09-27,1.0,US,weekly,True
entertainment_topics_us_2025_2026,spider_man_brand_new_day_2026,Spider-Man: Brand New Day,2026 film,film,2025-09-28,0.0,US,weekly,True
entertainment_topics_us_2025_2026,spider_man_brand_new_day_2026,Spider-Man: Brand New Day,2026 film,film,2025-10-05,0.0,US,weekly,False
entertainment_topics_us_2025_2026,spider_man_brand_new_day_2026,Spider-Man: Brand New Day,2026 film,film,2025-10-12,0.0,US,weekly,False
entertainment_topics_us_2025_2026,spider_man_brand_new_day_2026,Spider-Man: Brand New Day,2026 film,film,2025-10-19,0.0,US,weekly,False
entertainment_topics_us_2025_2026,spider_man_brand_new_day_2026,Spider-Man: Brand New Day,2026 film,film,2025-10-26,0.0,US,weekly,False
entertainment_topics_us_2025_2026,spider_man_brand_new_day_2026,Spider-Man: Brand New Day,2026 film,film,2025-11-02,0.0,US,weekly,False
entertainment_topics_us_2025_2026,spider_man_brand_new_day_2026,Spider-Man: Brand New Day,2026 film,film,2025-11-09,1.0,US,weekly,False
entertainment_topics_us_2025_2026,spider_man_brand_new_day_2026,Spider-Man: Brand New Day,2026 film,film,2025-11-16,1.0,US,weekly,False
entertainment_topics_us_2025_2026,spider_man_brand_new_day_2026,Spider-Man: Brand New Day,2026 film,film,2025-11-23,1.0,US,weekly,False
entertainment_topics_us_2025_2026,spider_man_brand_new_day_2026,Spider-Man: Brand New Day,2026 film,film,2025-11-30,0.0,US,weekly,False
entertainment_topics_us_2025_2026,spider_man_brand_new_day_2026,Spider-Man: Brand New Day,2026 film,film,2025-12-07,1.0,US,weekly,False
entertainment_topics_us_2025_2026,spider_man_brand_new_day_2026,Spider-Man: Brand New Day,2026 film,film,2025-12-14,2.0,US,weekly,False
entertainment_topics_us_2025_2026,spider_man_brand_new_day_2026,Spider-Man: Brand New Day,2026 film,film,2025-12-21,1.0,US,weekly,False
entertainment_topics_us_2025_2026,spider_man_brand_new_day_2026,Spider-Man: Brand New Day,2026 film,film,2025-12-28,1.0,US,weekly,False
entertainment_topics_us_2025_2026,spider_man_brand_new_day_2026,Spider-Man: Brand New Day,2026 film,film,2026-01-04,2.0,US,weekly,False
entertainment_topics_us_2025_2026,spider_man_brand_new_day_2026,Spider-Man: Brand New Day,2026 film,film,2026-01-11,1.0,US,weekly,False
entertainment_topics_us_2025_2026,spider_man_brand_new_day_2026,Spider-Man: Brand New Day,2026 film,film,2026-01-18,1.0,US,weekly,False
entertainment_topics_us_2025_2026,spider_man_brand_new_day_2026,Spider-Man: Brand New Day,2026 film,film,2026-01-25,1.0,US,weekly,False
entertainment_topics_us_2025_2026,spider_man_brand_new_day_2026,Spider-Man: Brand New Day,2026 film,film,2026-02-01,1.0,US,weekly,False
entertainment_topics_us_2025_2026,spider_man_brand_new_day_2026,Spider-Man: Brand New Day,2026 film,film,2026-02-08,2.0,US,weekly,False
entertainment_topics_us_2025_2026,spider_man_brand_new_day_2026,Spider-Man: Brand New Day,2026 film,film,2026-02-15,2.0,US,weekly,False
entertainment_topics_us_2025_2026,spider_man_brand_new_day_2026,Spider-Man: Brand New Day,2026 film,film,2026-02-22,1.0,US,weekly,False
entertainment_topics_us_2025_2026,spider_man_brand_new_day_2026,Spider-Man: Brand New Day,2026 film,film,2026-03-01,1.0,US,weekly,False
entertainment_topics_us_2025_2026,spider_man_brand_new_day_2026,Spider-Man: Brand New Day,2026 film,film,2026-03-08,1.0,US,weekly,False
entertainment_topics_us_2025_2026,spider_man_brand_new_day_2026,Spider-Man: Brand New Day,2026 film,film,2026-03-15,18.0,US,weekly,False
entertainment_topics_us_2025_2026,spider_man_brand_new_day_2026,Spider-Man: Brand New Day,2026 film,film,2026-03-22,7.0,US,weekly,False
entertainment_topics_us_2025_2026,spider_man_brand_new_day_2026,Spider-Man: Brand New Day,2026 film,film,2026-03-29,4.0,US,weekly,False
entertainment_topics_us_2025_2026,spider_man_brand_new_day_2026,Spider-Man: Brand New Day,2026 film,film,2026-04-05,3.0,US,weekly,False
entertainment_topics_us_2025_2026,spider_man_brand_new_day_2026,Spider-Man: Brand New Day,2026 film,film,2026-04-12,3.0,US,weekly,False
entertainment_topics_us_2025_2026,spider_man_brand_new_day_2026,Spider-Man: Brand New Day,2026 film,film,2026-04-19,2.0,US,weekly,False
entertainment_topics_us_2025_2026,spider_man_brand_new_day_2026,Spider-Man: Brand New Day,2026 film,film,2026-04-26,2.0,US,weekly,False
entertainment_topics_us_2025_2026,spider_man_brand_new_day_2026,Spider-Man: Brand New Day,2026 film,film,2026-05-03,2.0,US,weekly,False
entertainment_topics_us_2025_2026,spider_man_brand_new_day_2026,Spider-Man: Brand New Day,2026 film,film,2026-05-10,3.0,US,weekly,False
entertainment_topics_us_2025_2026,spider_man_brand_new_day_2026,Spider-Man: Brand New Day,2026 film,film,2026-05-17,2.0,US,weekly,False
entertainment_topics_us_2025_2026,spider_man_brand_new_day_2026,Spider-Man: Brand New Day,2026 film,film,2026-05-24,3.0,US,weekly,False
entertainment_topics_us_2025_2026,spider_man_brand_new_day_2026,Spider-Man: Brand New Day,2026 film,film,2026-05-31,4.0,US,weekly,False
entertainment_topics_us_2025_2026,spider_man_brand_new_day_2026,Spider-Man: Brand New Day,2026 film,film,2026-06-07,5.0,US,weekly,False
entertainment_topics_us_2025_2026,spider_man_brand_new_day_2026,Spider-Man: Brand New Day,2026 film,film,2026-06-14,13.0,US,weekly,False
entertainment_topics_us_2025_2026,spider_man_brand_new_day_2026,Spider-Man: Brand New Day,2026 film,film,2026-06-21,9.0,US,weekly,False
entertainment_topics_us_2025_2026,spider_man_brand_new_day_2026,Spider-Man: Brand New Day,2026 film,film,2026-06-28,9.0,US,weekly,False
entertainment_topics_us_2025_2026,spider_man_brand_new_day_2026,Spider-Man: Brand New Day,2026 film,film,2026-07-05,10.0,US,weekly,False
entertainment_topics_us_2025_2026,spider_man_brand_new_day_2026,Spider-Man: Brand New Day,2026 film,film,2026-07-12,12.0,US,weekly,False
entertainment_topics_us_2025_2026,spider_man_brand_new_day_2026,Spider-Man: Brand New Day,2026 film,film,2026-07-19,21.0,US,weekly,False
entertainment_topics_us_2025_2026,spider_man_brand_new_day_2026,Spider-Man: Brand New Day,2026 film,film,2026-07-26,100.0,US,weekly,False
entertainment_topics_us_2025_2026,spider_man_brand_new_day_2026,Spider-Man: Brand New Day,2026 film,film,2026-08-02,97.0,US,weekly,False
entertainment_topics_us_2025_2026,spider_man_brand_new_day_2026,Spider-Man: Brand New Day,2026 film,film,2026-08-09,42.0,US,weekly,False
entertainment_topics_us_2025_2026,spider_man_brand_new_day_2026,Spider-Man: Brand New Day,2026 film,film,2026-08-16,25.0,US,weekly,False
entertainment_topics_us_2025_2026,spider_man_brand_new_day_2026,Spider-Man: Brand New Day,2026 film,film,2026-08-23,15.0,US,weekly,False
entertainment_topics_us_2025_2026,spider_man_brand_new_day_2026,Spider-Man: Brand New Day,2026 film,film,2026-08-30,11.0,US,weekly,False
entertainment_topics_us_2025_2026,spider_man_brand_new_day_2026,Spider-Man: Brand New Day,2026 film,film,2026-09-06,11.0,US,weekly,False
entertainment_topics_us_2025_2026,spider_man_brand_new_day_2026,Spider-Man: Brand New Day,2026 film,film,2026-09-13,7.0,US,weekly,False
entertainment_topics_us_2025_2026,spider_man_brand_new_day_2026,Spider-Man: Brand New Day,2026 film,film,2026-09-20,6.0,US,weekly,False
entertainment_topics_us_2025_2026,spider_man_brand_new_day_2026,Spider-Man: Brand New Day,2026 film,film,2026-09-27,6.0,US,weekly,True
entertainment_topics_us_2025_2026,obsession_2025,Obsession,2025 film,film,2025-09-28,0.0,US,weekly,True
entertainment_topics_us_2025_2026,obsession_2025,Obsession,2025 film,film,2025-10-05,0.0,US,weekly,False
entertainment_topics_us_2025_2026,obsession_2025,Obsession,2025 film,film,2025-10-12,0.0,US,weekly,False
entertainment_topics_us_2025_2026,obsession_2025,Obsession,2025 film,film,2025-10-19,0.0,US,weekly,False
entertainment_topics_us_2025_2026,obsession_2025,Obsession,2025 film,film,2025-10-26,0.0,US,weekly,False
entertainment_topics_us_2025_2026,obsession_2025,Obsession,2025 film,film,2025-11-02,0.0,US,weekly,False
entertainment_topics_us_2025_2026,obsession_2025,Obsession,2025 film,film,2025-11-09,0.0,US,weekly,False
entertainment_topics_us_2025_2026,obsession_2025,Obsession,2025 film,film,2025-11-16,0.0,US,weekly,False
entertainment_topics_us_2025_2026,obsession_2025,Obsession,2025 film,film,2025-11-23,0.0,US,weekly,False
entertainment_topics_us_2025_2026,obsession_2025,Obsession,2025 film,film,2025-11-30,0.0,US,weekly,False
entertainment_topics_us_2025_2026,obsession_2025,Obsession,2025 film,film,2025-12-07,0.0,US,weekly,False
entertainment_topics_us_2025_2026,obsession_2025,Obsession,2025 film,film,2025-12-14,0.0,US,weekly,False
entertainment_topics_us_2025_2026,obsession_2025,Obsession,2025 film,film,2025-12-21,0.0,US,weekly,False
entertainment_topics_us_2025_2026,obsession_2025,Obsession,2025 film,film,2025-12-28,0.0,US,weekly,False
entertainment_topics_us_2025_2026,obsession_2025,Obsession,2025 film,film,2026-01-04,0.0,US,weekly,False
entertainment_topics_us_2025_2026,obsession_2025,Obsession,2025 film,film,2026-01-11,0.0,US,weekly,False
entertainment_topics_us_2025_2026,obsession_2025,Obsession,2025 film,film,2026-01-18,0.0,US,weekly,False
entertainment_topics_us_2025_2026,obsession_2025,Obsession,2025 film,film,2026-01-25,0.0,US,weekly,False
entertainment_topics_us_2025_2026,obsession_2025,Obsession,2025 film,film,2026-02-01,0.0,US,weekly,False
entertainment_topics_us_2025_2026,obsession_2025,Obsession,2025 film,film,2026-02-08,0.0,US,weekly,False
entertainment_topics_us_2025_2026,obsession_2025,Obsession,2025 film,film,2026-02-15,0.0,US,weekly,False
entertainment_topics_us_2025_2026,obsession_2025,Obsession,2025 film,film,2026-02-22,0.0,US,weekly,False
entertainment_topics_us_2025_2026,obsession_2025,Obsession,2025 film,film,2026-03-01,0.0,US,weekly,False
entertainment_topics_us_2025_2026,obsession_2025,Obsession,2025 film,film,2026-03-08,1.0,US,weekly,False
entertainment_topics_us_2025_2026,obsession_2025,Obsession,2025 film,film,2026-03-15,0.0,US,weekly,False
entertainment_topics_us_2025_2026,obsession_2025,Obsession,2025 film,film,2026-03-22,0.0,US,weekly,False
entertainment_topics_us_2025_2026,obsession_2025,Obsession,2025 film,film,2026-03-29,0.0,US,weekly,False
entertainment_topics_us_2025_2026,obsession_2025,Obsession,2025 film,film,2026-04-05,0.0,US,weekly,False
entertainment_topics_us_2025_2026,obsession_2025,Obsession,2025 film,film,2026-04-12,0.0,US,weekly,False
entertainment_topics_us_2025_2026,obsession_2025,Obsession,2025 film,film,2026-04-19,0.0,US,weekly,False
entertainment_topics_us_2025_2026,obsession_2025,Obsession,2025 film,film,2026-04-26,1.0,US,weekly,False
entertainment_topics_us_2025_2026,obsession_2025,Obsession,2025 film,film,2026-05-03,2.0,US,weekly,False
entertainment_topics_us_2025_2026,obsession_2025,Obsession,2025 film,film,2026-05-10,12.0,US,weekly,False
entertainment_topics_us_2025_2026,obsession_2025,Obsession,2025 film,film,2026-05-17,41.0,US,weekly,False
entertainment_topics_us_2025_2026,obsession_2025,Obsession,2025 film,film,2026-05-24,65.0,US,weekly,False
entertainment_topics_us_2025_2026,obsession_2025,Obsession,2025 film,film,2026-05-31,60.0,US,weekly,False
entertainment_topics_us_2025_2026,obsession_2025,Obsession,2025 film,film,2026-06-07,44.0,US,weekly,False
entertainment_topics_us_2025_2026,obsession_2025,Obsession,2025 film,film,2026-06-14,31.0,US,weekly,False
entertainment_topics_us_2025_2026,obsession_2025,Obsession,2025 film,film,2026-06-21,25.0,US,weekly,False
entertainment_topics_us_2025_2026,obsession_2025,Obsession,2025 film,film,2026-06-28,31.0,US,weekly,False
entertainment_topics_us_2025_2026,obsession_2025,Obsession,2025 film,film,2026-07-05,28.0,US,weekly,False
entertainment_topics_us_2025_2026,obsession_2025,Obsession,2025 film,film,2026-07-12,26.0,US,weekly,False
entertainment_topics_us_2025_2026,obsession_2025,Obsession,2025 film,film,2026-07-19,26.0,US,weekly,False
entertainment_topics_us_2025_2026,obsession_2025,Obsession,2025 film,film,2026-07-26,20.0,US,weekly,False
entertainment_topics_us_2025_2026,obsession_2025,Obsession,2025 film,film,2026-08-02,14.0,US,weekly,False
entertainment_topics_us_2025_2026,obsession_2025,Obsession,2025 film,film,2026-08-09,11.0,US,weekly,False
entertainment_topics_us_2025_2026,obsession_2025,Obsession,2025 film,film,2026-08-16,10.0,US,weekly,False
entertainment_topics_us_2025_2026,obsession_2025,Obsession,2025 film,film,2026-08-23,8.0,US,weekly,False
entertainment_topics_us_2025_2026,obsession_2025,Obsession,2025 film,film,2026-08-30,7.0,US,weekly,False
entertainment_topics_us_2025_2026,obsession_2025,Obsession,2025 film,film,2026-09-06,7.0,US,weekly,False
entertainment_topics_us_2025_2026,obsession_2025,Obsession,2025 film,film,2026-09-13,6.0,US,weekly,False
entertainment_topics_us_2025_2026,obsession_2025,Obsession,2025 film,film,2026-09-20,5.0,US,weekly,False
entertainment_topics_us_2025_2026,obsession_2025,Obsession,2025 film,film,2026-09-27,6.0,US,weekly,True
entertainment_topics_us_2025_2026,heated_rivalry,Heated Rivalry,Television series,television_series,2025-09-28,0.0,US,weekly,True
entertainment_topics_us_2025_2026,heated_rivalry,Heated Rivalry,Television series,television_series,2025-10-05,0.0,US,weekly,False
entertainment_topics_us_2025_2026,heated_rivalry,Heated Rivalry,Television series,television_series,2025-10-12,0.0,US,weekly,False
entertainment_topics_us_2025_2026,heated_rivalry,Heated Rivalry,Television series,television_series,2025-10-19,0.0,US,weekly,False
entertainment_topics_us_2025_2026,heated_rivalry,Heated Rivalry,Television series,television_series,2025-10-26,0.0,US,weekly,False
entertainment_topics_us_2025_2026,heated_rivalry,Heated Rivalry,Television series,television_series,2025-11-02,0.0,US,weekly,False
entertainment_topics_us_2025_2026,heated_rivalry,Heated Rivalry,Television series,television_series,2025-11-09,0.0,US,weekly,False
entertainment_topics_us_2025_2026,heated_rivalry,Heated Rivalry,Television series,television_series,2025-11-16,0.0,US,weekly,False
entertainment_topics_us_2025_2026,heated_rivalry,Heated Rivalry,Television series,television_series,2025-11-23,4.0,US,weekly,False
entertainment_topics_us_2025_2026,heated_rivalry,Heated Rivalry,Television series,television_series,2025-11-30,14.0,US,weekly,False
entertainment_topics_us_2025_2026,heated_rivalry,Heated Rivalry,Television series,television_series,2025-12-07,12.0,US,weekly,False
entertainment_topics_us_2025_2026,heated_rivalry,Heated Rivalry,Television series,television_series,2025-12-14,14.0,US,weekly,False
entertainment_topics_us_2025_2026,heated_rivalry,Heated Rivalry,Television series,television_series,2025-12-21,23.0,US,weekly,False
entertainment_topics_us_2025_2026,heated_rivalry,Heated Rivalry,Television series,television_series,2025-12-28,22.0,US,weekly,False
entertainment_topics_us_2025_2026,heated_rivalry,Heated Rivalry,Television series,television_series,2026-01-04,21.0,US,weekly,False
entertainment_topics_us_2025_2026,heated_rivalry,Heated Rivalry,Television series,television_series,2026-01-11,28.0,US,weekly,False
entertainment_topics_us_2025_2026,heated_rivalry,Heated Rivalry,Television series,television_series,2026-01-18,19.0,US,weekly,False
entertainment_topics_us_2025_2026,heated_rivalry,Heated Rivalry,Television series,television_series,2026-01-25,15.0,US,weekly,False
entertainment_topics_us_2025_2026,heated_rivalry,Heated Rivalry,Television series,television_series,2026-02-01,11.0,US,weekly,False
entertainment_topics_us_2025_2026,heated_rivalry,Heated Rivalry,Television series,television_series,2026-02-08,8.0,US,weekly,False
entertainment_topics_us_2025_2026,heated_rivalry,Heated Rivalry,Television series,television_series,2026-02-15,7.0,US,weekly,False
entertainment_topics_us_2025_2026,heated_rivalry,Heated Rivalry,Television series,television_series,2026-02-22,7.0,US,weekly,False
entertainment_topics_us_2025_2026,heated_rivalry,Heated Rivalry,Television series,television_series,2026-03-01,7.0,US,weekly,False
entertainment_topics_us_2025_2026,heated_rivalry,Heated Rivalry,Television series,television_series,2026-03-08,5.0,US,weekly,False
entertainment_topics_us_2025_2026,heated_rivalry,Heated Rivalry,Television series,television_series,2026-03-15,4.0,US,weekly,False
entertainment_topics_us_2025_2026,heated_rivalry,Heated Rivalry,Television series,television_series,2026-03-22,4.0,US,weekly,False
entertainment_topics_us_2025_2026,heated_rivalry,Heated Rivalry,Television series,television_series,2026-03-29,3.0,US,weekly,False
entertainment_topics_us_2025_2026,heated_rivalry,Heated Rivalry,Television series,television_series,2026-04-05,3.0,US,weekly,False
entertainment_topics_us_2025_2026,heated_rivalry,Heated Rivalry,Television series,television_series,2026-04-12,3.0,US,weekly,False
entertainment_topics_us_2025_2026,heated_rivalry,Heated Rivalry,Television series,television_series,2026-04-19,3.0,US,weekly,False
entertainment_topics_us_2025_2026,heated_rivalry,Heated Rivalry,Television series,television_series,2026-04-26,2.0,US,weekly,False
entertainment_topics_us_2025_2026,heated_rivalry,Heated Rivalry,Television series,television_series,2026-05-03,2.0,US,weekly,False
entertainment_topics_us_2025_2026,heated_rivalry,Heated Rivalry,Television series,television_series,2026-05-10,2.0,US,weekly,False
entertainment_topics_us_2025_2026,heated_rivalry,Heated Rivalry,Television series,television_series,2026-05-17,2.0,US,weekly,False
entertainment_topics_us_2025_2026,heated_rivalry,Heated Rivalry,Television series,television_series,2026-05-24,3.0,US,weekly,False
entertainment_topics_us_2025_2026,heated_rivalry,Heated Rivalry,Television series,television_series,2026-05-31,3.0,US,weekly,False
entertainment_topics_us_2025_2026,heated_rivalry,Heated Rivalry,Television series,television_series,2026-06-07,2.0,US,weekly,False
entertainment_topics_us_2025_2026,heated_rivalry,Heated Rivalry,Television series,television_series,2026-06-14,2.0,US,weekly,False
entertainment_topics_us_2025_2026,heated_rivalry,Heated Rivalry,Television series,television_series,2026-06-21,2.0,US,weekly,False
entertainment_topics_us_2025_2026,heated_rivalry,Heated Rivalry,Television series,television_series,2026-06-28,2.0,US,weekly,False
entertainment_topics_us_2025_2026,heated_rivalry,Heated Rivalry,Television series,television_series,2026-07-05,2.0,US,weekly,False
entertainment_topics_us_2025_2026,heated_rivalry,Heated Rivalry,Television series,television_series,2026-07-12,2.0,US,weekly,False
entertainment_topics_us_2025_2026,heated_rivalry,Heated Rivalry,Television series,television_series,2026-07-19,1.0,US,weekly,False
entertainment_topics_us_2025_2026,heated_rivalry,Heated Rivalry,Television series,television_series,2026-07-26,1.0,US,weekly,False
entertainment_topics_us_2025_2026,heated_rivalry,Heated Rivalry,Television series,television_series,2026-08-02,2.0,US,weekly,False
entertainment_topics_us_2025_2026,heated_rivalry,Heated Rivalry,Television series,television_series,2026-08-09,2.0,US,weekly,False
entertainment_topics_us_2025_2026,heated_rivalry,Heated Rivalry,Television series,television_series,2026-08-16,2.0,US,weekly,False
entertainment_topics_us_2025_2026,heated_rivalry,Heated Rivalry,Television series,television_series,2026-08-23,2.0,US,weekly,False
entertainment_topics_us_2025_2026,heated_rivalry,Heated Rivalry,Television series,television_series,2026-08-30,2.0,US,weekly,False
entertainment_topics_us_2025_2026,heated_rivalry,Heated Rivalry,Television series,television_series,2026-09-06,1.0,US,weekly,False
entertainment_topics_us_2025_2026,heated_rivalry,Heated Rivalry,Television series,television_series,2026-09-13,2.0,US,weekly,False
entertainment_topics_us_2025_2026,heated_rivalry,Heated Rivalry,Television series,television_series,2026-09-20,2.0,US,weekly,False
entertainment_topics_us_2025_2026,heated_rivalry,Heated Rivalry,Television series,television_series,2026-09-27,2.0,US,weekly,True
