"Time","KPop Demon Hunters","Love Island","Spider-Man: Brand New Day","Obsession","Heated Rivalry"
"2025-09-28",23,3,0,0,0
"2025-10-05",26,2,0,0,0
"2025-10-12",24,2,0,0,0
"2025-10-19",23,1,0,0,0
"2025-10-26",28,2,0,0,0
"2025-11-02",16,1,0,0,0
"2025-11-09",14,1,1,0,0
"2025-11-16",12,1,1,0,0
"2025-11-23",16,1,1,0,4
"2025-11-30",14,1,0,0,14
"2025-12-07",13,1,1,0,12
"2025-12-14",11,1,2,0,14
"2025-12-21",12,1,1,0,23
"2025-12-28",10,1,1,0,22
"2026-01-04",9,1,2,0,21
"2026-01-11",10,2,1,0,28
"2026-01-18",8,2,1,0,19
"2026-01-25",9,2,1,0,15
"2026-02-01",8,2,1,0,11
"2026-02-08",7,2,2,0,8
"2026-02-15",6,2,2,0,7
"2026-02-22",6,2,1,0,7
"2026-03-01",5,2,1,0,7
"2026-03-08",6,2,1,1,5
"2026-03-15",9,2,18,0,4
"2026-03-22",7,2,7,0,4
"2026-03-29",11,2,4,0,3
"2026-04-05",8,1,3,0,3
"2026-04-12",7,2,3,0,3
"2026-04-19",6,2,2,0,3
"2026-04-26",5,3,2,1,2
"2026-05-03",4,3,2,2,2
"2026-05-10",5,3,3,12,2
"2026-05-17",4,3,2,41,2
"2026-05-24",4,10,3,65,3
"2026-05-31",3,48,4,60,3
"2026-06-07",3,57,5,44,2
"2026-06-14",4,41,13,31,2
"2026-06-21",4,46,9,25,2
"2026-06-28",3,45,9,31,2
"2026-07-05",3,34,10,28,2
"2026-07-12",3,28,12,26,2
"2026-07-19",3,9,21,26,1
"2026-07-26",3,8,100,20,1
"2026-08-02",3,7,97,14,2
"2026-08-09",3,6,42,11,2
"2026-08-16",3,3,25,10,2
"2026-08-23",3,6,15,8,2
"2026-08-30",3,14,11,7,2
"2026-09-06",3,2,11,7,1
"2026-09-13",3,2,7,6,2
"2026-09-20",3,2,6,5,2
"2026-09-27",3,1,6,6,2